facility_id,layer,name,latitude,longitude,address,city,postcode,source,source_detail,collaboration,osm_type,osm_id,amenity,healthcare,healthcare_speciality,operator,phone,website,rd_x,rd_y,hospital_type,seh_flag,acute_obstetrics_flag
vzinfo_seh:104401,hospital,Admiraal De Ruyter Ziekenhuis Goes,51.48621490737828,3.9046727881328582,,Goes,4462RA,RIVM/VZinfo,"Reistijd naar dichtstbijzijnde ziekenhuis met SEH 2025; Met personenvervoer, 24/7-uurs basis-SEH (76 locaties); <p><i>Bron: <a href=""https://www.rivm.nl/publicaties/bereikbaarheidsanalyse-sehs-en-acute-verloskunde-2025"" target=""_blank"">RIVM</a>, juni 2025; <a href=""https://www.vzinfo.nl/acute-zorg/verantwoording/bronverantwoording"" target=""_blank"">Drive Time Matrix 2025</a></i></p>; config changed 20250602-1736",,,,,,,,,https://www.vzinfo.nl/acute-zorg/regionaal/hap#map/reistijd-naar-dichtstbijzijnde-ziekenhuis-met-seh-2025,52032.0,389622.0,De SEH is 24 uur per dag 7 dagen per week (24/7) geopend,1.0,1.0
vzinfo_seh:100301,hospital,Albert Schweitzer Ziekenhuis Dordrecht,51.79217808341736,4.681992089521577,,Dordrecht,3318AT,RIVM/VZinfo,"Reistijd naar dichtstbijzijnde ziekenhuis met SEH 2025; Met personenvervoer, 24/7-uurs basis-SEH (76 locaties); <p><i>Bron: <a href=""https://www.rivm.nl/publicaties/bereikbaarheidsanalyse-sehs-en-acute-verloskunde-2025"" target=""_blank"">RIVM</a>, juni 2025; <a href=""https://www.vzinfo.nl/acute-zorg/verantwoording/bronverantwoording"" target=""_blank"">Drive Time Matrix 2025</a></i></p>; config changed 20250602-1736",,,,,,,,,https://www.vzinfo.nl/acute-zorg/regionaal/hap#map/reistijd-naar-dichtstbijzijnde-ziekenhuis-met-seh-2025,106348.0,422850.0,De SEH is 24 uur per dag 7 dagen per week (24/7) geopend,1.0,1.0
vzinfo_seh:104901,hospital,Alrijne Ziekenhuis Leiderdorp,52.15574944278795,4.540716245488578,,Leiderdorp,2353GA,RIVM/VZinfo,"Reistijd naar dichtstbijzijnde ziekenhuis met SEH 2025; Met personenvervoer, 24/7-uurs basis-SEH (76 locaties); <p><i>Bron: <a href=""https://www.rivm.nl/publicaties/bereikbaarheidsanalyse-sehs-en-acute-verloskunde-2025"" target=""_blank"">RIVM</a>, juni 2025; <a href=""https://www.vzinfo.nl/acute-zorg/verantwoording/bronverantwoording"" target=""_blank"">Drive Time Matrix 2025</a></i></p>; config changed 20250602-1736",,,,,,,,,https://www.vzinfo.nl/acute-zorg/regionaal/hap#map/reistijd-naar-dichtstbijzijnde-ziekenhuis-met-seh-2025,97073.0,463402.0,De SEH is 24 uur per dag 7 dagen per week (24/7) geopend,1.0,1.0
vzinfo_seh:100501,hospital,Amphia Ziekenhuis Breda Molengracht,51.58212758144003,4.798908073242819,,Breda,4818CK,RIVM/VZinfo,"Reistijd naar dichtstbijzijnde ziekenhuis met SEH 2025; Met personenvervoer, 24/7-uurs basis-SEH (76 locaties); <p><i>Bron: <a href=""https://www.rivm.nl/publicaties/bereikbaarheidsanalyse-sehs-en-acute-verloskunde-2025"" target=""_blank"">RIVM</a>, juni 2025; <a href=""https://www.vzinfo.nl/acute-zorg/verantwoording/bronverantwoording"" target=""_blank"">Drive Time Matrix 2025</a></i></p>; config changed 20250602-1736",,,,,,,,,https://www.vzinfo.nl/acute-zorg/regionaal/hap#map/reistijd-naar-dichtstbijzijnde-ziekenhuis-met-seh-2025,114225.0,399410.0,De SEH is 24 uur per dag 7 dagen per week (24/7) geopend,1.0,1.0
vzinfo_seh:100101,hospital,"Amsterdam UMC, locatie AMC",52.294397972369815,4.958270151172789,,Amsterdam Zuidoost,1105AZ,RIVM/VZinfo,"Reistijd naar dichtstbijzijnde ziekenhuis met SEH 2025; Met personenvervoer, 24/7-uurs basis-SEH (76 locaties); <p><i>Bron: <a href=""https://www.rivm.nl/publicaties/bereikbaarheidsanalyse-sehs-en-acute-verloskunde-2025"" target=""_blank"">RIVM</a>, juni 2025; <a href=""https://www.vzinfo.nl/acute-zorg/verantwoording/bronverantwoording"" target=""_blank"">Drive Time Matrix 2025</a></i></p>; config changed 20250602-1736",,,,,,,,,https://www.vzinfo.nl/acute-zorg/regionaal/hap#map/reistijd-naar-dichtstbijzijnde-ziekenhuis-met-seh-2025,125738.0,478577.0,De SEH is 24 uur per dag 7 dagen per week (24/7) geopend,1.0,1.0
vzinfo_seh:105701,hospital,Anna Ziekenhuis Geldrop,51.41985159523608,5.558552126535073,,Geldrop,5664EH,RIVM/VZinfo,"Reistijd naar dichtstbijzijnde ziekenhuis met SEH 2025; Met personenvervoer, 24/7-uurs basis-SEH (76 locaties); <p><i>Bron: <a href=""https://www.rivm.nl/publicaties/bereikbaarheidsanalyse-sehs-en-acute-verloskunde-2025"" target=""_blank"">RIVM</a>, juni 2025; <a href=""https://www.vzinfo.nl/acute-zorg/verantwoording/bronverantwoording"" target=""_blank"">Drive Time Matrix 2025</a></i></p>; config changed 20250602-1736",,,,,,,,,https://www.vzinfo.nl/acute-zorg/regionaal/hap#map/reistijd-naar-dichtstbijzijnde-ziekenhuis-met-seh-2025,166919.0,381206.0,De SEH is 24 uur per dag 7 dagen per week (24/7) geopend,1.0,1.0
vzinfo_seh:100601,hospital,Antonius Ziekenhuis Sneek,53.034813302546375,5.643568370704385,,Sneek,8601ZK,RIVM/VZinfo,"Reistijd naar dichtstbijzijnde ziekenhuis met SEH 2025; Met personenvervoer, 24/7-uurs basis-SEH (76 locaties); <p><i>Bron: <a href=""https://www.rivm.nl/publicaties/bereikbaarheidsanalyse-sehs-en-acute-verloskunde-2025"" target=""_blank"">RIVM</a>, juni 2025; <a href=""https://www.vzinfo.nl/acute-zorg/verantwoording/bronverantwoording"" target=""_blank"">Drive Time Matrix 2025</a></i></p>; config changed 20250602-1736",,,,,,,,,https://www.vzinfo.nl/acute-zorg/regionaal/hap#map/reistijd-naar-dichtstbijzijnde-ziekenhuis-met-seh-2025,172197.0,560909.0,De SEH is 24 uur per dag 7 dagen per week (24/7) geopend,1.0,1.0
vzinfo_seh:108503,hospital,Bernhoven Ziekenhuis Uden,51.67493156513951,5.60163208689653,,Uden,5406PT,RIVM/VZinfo,"Reistijd naar dichtstbijzijnde ziekenhuis met SEH 2025; Met personenvervoer, 24/7-uurs basis-SEH (76 locaties); <p><i>Bron: <a href=""https://www.rivm.nl/publicaties/bereikbaarheidsanalyse-sehs-en-acute-verloskunde-2025"" target=""_blank"">RIVM</a>, juni 2025; <a href=""https://www.vzinfo.nl/acute-zorg/verantwoording/bronverantwoording"" target=""_blank"">Drive Time Matrix 2025</a></i></p>; config changed 20250602-1736",,,,,,,,,https://www.vzinfo.nl/acute-zorg/regionaal/hap#map/reistijd-naar-dichtstbijzijnde-ziekenhuis-met-seh-2025,169832.0,409592.0,De SEH is 24 uur per dag 7 dagen per week (24/7) geopend,1.0,1.0
vzinfo_seh:100801,hospital,BovenIJ Ziekenhuis Amsterdam,52.40482014867831,4.922301062348942,,Amsterdam,1034CS,RIVM/VZinfo,"Reistijd naar dichtstbijzijnde ziekenhuis met SEH 2025; Met personenvervoer, 24/7-uurs basis-SEH (76 locaties); <p><i>Bron: <a href=""https://www.rivm.nl/publicaties/bereikbaarheidsanalyse-sehs-en-acute-verloskunde-2025"" target=""_blank"">RIVM</a>, juni 2025; <a href=""https://www.vzinfo.nl/acute-zorg/verantwoording/bronverantwoording"" target=""_blank"">Drive Time Matrix 2025</a></i></p>; config changed 20250602-1736",,,,,,,,,https://www.vzinfo.nl/acute-zorg/regionaal/hap#map/reistijd-naar-dichtstbijzijnde-ziekenhuis-met-seh-2025,123363.0,490878.0,De SEH is 24 uur per dag 7 dagen per week (24/7) geopend,1.0,1.0
vzinfo_seh:107001,hospital,Bravis Ziekenhuis Bergen op Zoom,51.48781819285127,4.314928972042958,,Bergen Op Zoom,4624VT,RIVM/VZinfo,"Reistijd naar dichtstbijzijnde ziekenhuis met SEH 2025; Met personenvervoer, 24/7-uurs basis-SEH (76 locaties); <p><i>Bron: <a href=""https://www.rivm.nl/publicaties/bereikbaarheidsanalyse-sehs-en-acute-verloskunde-2025"" target=""_blank"">RIVM</a>, juni 2025; <a href=""https://www.vzinfo.nl/acute-zorg/verantwoording/bronverantwoording"" target=""_blank"">Drive Time Matrix 2025</a></i></p>; config changed 20250602-1736",,,,,,,,,https://www.vzinfo.nl/acute-zorg/regionaal/hap#map/reistijd-naar-dichtstbijzijnde-ziekenhuis-met-seh-2025,80527.0,389301.0,De SEH is 24 uur per dag 7 dagen per week (24/7) geopend,1.0,1.0
vzinfo_seh:102001,hospital,Bravis Ziekenhuis Roosendaal,51.52835475533658,4.443518390349885,,Roosendaal,4708AE,RIVM/VZinfo,"Reistijd naar dichtstbijzijnde ziekenhuis met SEH 2025; Met personenvervoer, 24/7-uurs basis-SEH (76 locaties); <p><i>Bron: <a href=""https://www.rivm.nl/publicaties/bereikbaarheidsanalyse-sehs-en-acute-verloskunde-2025"" target=""_blank"">RIVM</a>, juni 2025; <a href=""https://www.vzinfo.nl/acute-zorg/verantwoording/bronverantwoording"" target=""_blank"">Drive Time Matrix 2025</a></i></p>; config changed 20250602-1736",,,,,,,,,https://www.vzinfo.nl/acute-zorg/regionaal/hap#map/reistijd-naar-dichtstbijzijnde-ziekenhuis-met-seh-2025,89516.0,393687.0,De SEH is 24 uur per dag 7 dagen per week (24/7) geopend,1.0,0.0
vzinfo_seh:100901,hospital,Canisius-Wilhelmina Ziekenhuis Nijmegen,51.816782756590065,5.83081403543994,,Nijmegen,6532SZ,RIVM/VZinfo,"Reistijd naar dichtstbijzijnde ziekenhuis met SEH 2025; Met personenvervoer, 24/7-uurs basis-SEH (76 locaties); <p><i>Bron: <a href=""https://www.rivm.nl/publicaties/bereikbaarheidsanalyse-sehs-en-acute-verloskunde-2025"" target=""_blank"">RIVM</a>, juni 2025; <a href=""https://www.vzinfo.nl/acute-zorg/verantwoording/bronverantwoording"" target=""_blank"">Drive Time Matrix 2025</a></i></p>; config changed 20250602-1736",,,,,,,,,https://www.vzinfo.nl/acute-zorg/regionaal/hap#map/reistijd-naar-dichtstbijzijnde-ziekenhuis-met-seh-2025,185588.0,425445.0,De SEH is 24 uur per dag 7 dagen per week (24/7) geopend,1.0,1.0
vzinfo_seh:101001,hospital,Catharina Ziekenhuis Eindhoven,51.464378781211316,5.4706507135576254,,Eindhoven,5623EJ,RIVM/VZinfo,"Reistijd naar dichtstbijzijnde ziekenhuis met SEH 2025; Met personenvervoer, 24/7-uurs basis-SEH (76 locaties); <p><i>Bron: <a href=""https://www.rivm.nl/publicaties/bereikbaarheidsanalyse-sehs-en-acute-verloskunde-2025"" target=""_blank"">RIVM</a>, juni 2025; <a href=""https://www.vzinfo.nl/acute-zorg/verantwoording/bronverantwoording"" target=""_blank"">Drive Time Matrix 2025</a></i></p>; config changed 20250602-1736",,,,,,,,,https://www.vzinfo.nl/acute-zorg/regionaal/hap#map/reistijd-naar-dichtstbijzijnde-ziekenhuis-met-seh-2025,160799.0,386149.0,De SEH is 24 uur per dag 7 dagen per week (24/7) geopend,1.0,1.0
vzinfo_seh:106702,hospital,Deventer Ziekenhuis locatie Deventer,52.261144210600584,6.192454899193694,,Deventer,7416SE,RIVM/VZinfo,"Reistijd naar dichtstbijzijnde ziekenhuis met SEH 2025; Met personenvervoer, 24/7-uurs basis-SEH (76 locaties); <p><i>Bron: <a href=""https://www.rivm.nl/publicaties/bereikbaarheidsanalyse-sehs-en-acute-verloskunde-2025"" target=""_blank"">RIVM</a>, juni 2025; <a href=""https://www.vzinfo.nl/acute-zorg/verantwoording/bronverantwoording"" target=""_blank"">Drive Time Matrix 2025</a></i></p>; config changed 20250602-1736",,,,,,,,,https://www.vzinfo.nl/acute-zorg/regionaal/hap#map/reistijd-naar-dichtstbijzijnde-ziekenhuis-met-seh-2025,209975.0,475096.0,De SEH is 24 uur per dag 7 dagen per week (24/7) geopend,1.0,1.0
vzinfo_seh:101401,hospital,Diakonessenhuis Utrecht,52.082155327929165,5.139865798014277,,Utrecht,3582KE,RIVM/VZinfo,"Reistijd naar dichtstbijzijnde ziekenhuis met SEH 2025; Met personenvervoer, 24/7-uurs basis-SEH (76 locaties); <p><i>Bron: <a href=""https://www.rivm.nl/publicaties/bereikbaarheidsanalyse-sehs-en-acute-verloskunde-2025"" target=""_blank"">RIVM</a>, juni 2025; <a href=""https://www.vzinfo.nl/acute-zorg/verantwoording/bronverantwoording"" target=""_blank"">Drive Time Matrix 2025</a></i></p>; config changed 20250602-1736",,,,,,,,,https://www.vzinfo.nl/acute-zorg/regionaal/hap#map/reistijd-naar-dichtstbijzijnde-ziekenhuis-met-seh-2025,138046.0,454905.0,De SEH is 24 uur per dag 7 dagen per week (24/7) geopend,1.0,1.0
vzinfo_seh:108001,hospital,Dijklander Ziekenhuis,52.50068873616894,4.962660757492835,,Purmerend,1441RN,RIVM/VZinfo,"Reistijd naar dichtstbijzijnde ziekenhuis met SEH 2025; Met personenvervoer, 24/7-uurs basis-SEH (76 locaties); <p><i>Bron: <a href=""https://www.rivm.nl/publicaties/bereikbaarheidsanalyse-sehs-en-acute-verloskunde-2025"" target=""_blank"">RIVM</a>, juni 2025; <a href=""https://www.vzinfo.nl/acute-zorg/verantwoording/bronverantwoording"" target=""_blank"">Drive Time Matrix 2025</a></i></p>; config changed 20250602-1736",,,,,,,,,https://www.vzinfo.nl/acute-zorg/regionaal/hap#map/reistijd-naar-dichtstbijzijnde-ziekenhuis-met-seh-2025,126172.0,501528.0,De SEH is 24 uur per dag 7 dagen per week (24/7) geopend,1.0,0.0
vzinfo_seh:108101,hospital,Dijklander Ziekenhuis locatie Hoorn,52.6482067322998,5.053116795507245,,Hoorn Nh,1624NP,RIVM/VZinfo,"Reistijd naar dichtstbijzijnde ziekenhuis met SEH 2025; Met personenvervoer, 24/7-uurs basis-SEH (76 locaties); <p><i>Bron: <a href=""https://www.rivm.nl/publicaties/bereikbaarheidsanalyse-sehs-en-acute-verloskunde-2025"" target=""_blank"">RIVM</a>, juni 2025; <a href=""https://www.vzinfo.nl/acute-zorg/verantwoording/bronverantwoording"" target=""_blank"">Drive Time Matrix 2025</a></i></p>; config changed 20250602-1736",,,,,,,,,https://www.vzinfo.nl/acute-zorg/regionaal/hap#map/reistijd-naar-dichtstbijzijnde-ziekenhuis-met-seh-2025,132390.0,517910.0,De SEH is 24 uur per dag 7 dagen per week (24/7) geopend,1.0,1.0
vzinfo_seh:105901,hospital,ETZ Elisabeth Tilburg,51.53930813439132,5.103315310313166,,Tilburg,5022GC,RIVM/VZinfo,"Reistijd naar dichtstbijzijnde ziekenhuis met SEH 2025; Met personenvervoer, 24/7-uurs basis-SEH (76 locaties); <p><i>Bron: <a href=""https://www.rivm.nl/publicaties/bereikbaarheidsanalyse-sehs-en-acute-verloskunde-2025"" target=""_blank"">RIVM</a>, juni 2025; <a href=""https://www.vzinfo.nl/acute-zorg/verantwoording/bronverantwoording"" target=""_blank"">Drive Time Matrix 2025</a></i></p>; config changed 20250602-1736",,,,,,,,,https://www.vzinfo.nl/acute-zorg/regionaal/hap#map/reistijd-naar-dichtstbijzijnde-ziekenhuis-met-seh-2025,135305.0,394520.0,De SEH is 24 uur per dag 7 dagen per week (24/7) geopend,1.0,1.0
vzinfo_seh:101701,hospital,Elkerliek Ziekenhuis Helmond,51.48190491601654,5.644254673680655,,Helmond,5707HA,RIVM/VZinfo,"Reistijd naar dichtstbijzijnde ziekenhuis met SEH 2025; Met personenvervoer, 24/7-uurs basis-SEH (76 locaties); <p><i>Bron: <a href=""https://www.rivm.nl/publicaties/bereikbaarheidsanalyse-sehs-en-acute-verloskunde-2025"" target=""_blank"">RIVM</a>, juni 2025; <a href=""https://www.vzinfo.nl/acute-zorg/verantwoording/bronverantwoording"" target=""_blank"">Drive Time Matrix 2025</a></i></p>; config changed 20250602-1736",,,,,,,,,https://www.vzinfo.nl/acute-zorg/regionaal/hap#map/reistijd-naar-dichtstbijzijnde-ziekenhuis-met-seh-2025,172856.0,388127.0,De SEH is 24 uur per dag 7 dagen per week (24/7) geopend,1.0,1.0
vzinfo_seh:101801,hospital,Erasmus Medisch Centrum Rotterdam,51.910940564431215,4.4680679685771425,,Rotterdam,3015GD,RIVM/VZinfo,"Reistijd naar dichtstbijzijnde ziekenhuis met SEH 2025; Met personenvervoer, 24/7-uurs basis-SEH (76 locaties); <p><i>Bron: <a href=""https://www.rivm.nl/publicaties/bereikbaarheidsanalyse-sehs-en-acute-verloskunde-2025"" target=""_blank"">RIVM</a>, juni 2025; <a href=""https://www.vzinfo.nl/acute-zorg/verantwoording/bronverantwoording"" target=""_blank"">Drive Time Matrix 2025</a></i></p>; config changed 20250602-1736",,,,,,,,,https://www.vzinfo.nl/acute-zorg/regionaal/hap#map/reistijd-naar-dichtstbijzijnde-ziekenhuis-met-seh-2025,91757.0,436227.0,De SEH is 24 uur per dag 7 dagen per week (24/7) geopend,1.0,1.0
vzinfo_seh:101901,hospital,Flevoziekenhuis Almere,52.36921926681185,5.223326603133187,,Almere,1315RA,RIVM/VZinfo,"Reistijd naar dichtstbijzijnde ziekenhuis met SEH 2025; Met personenvervoer, 24/7-uurs basis-SEH (76 locaties); <p><i>Bron: <a href=""https://www.rivm.nl/publicaties/bereikbaarheidsanalyse-sehs-en-acute-verloskunde-2025"" target=""_blank"">RIVM</a>, juni 2025; <a href=""https://www.vzinfo.nl/acute-zorg/verantwoording/bronverantwoording"" target=""_blank"">Drive Time Matrix 2025</a></i></p>; config changed 20250602-1736",,,,,,,,,https://www.vzinfo.nl/acute-zorg/regionaal/hap#map/reistijd-naar-dichtstbijzijnde-ziekenhuis-met-seh-2025,143839.0,486828.0,De SEH is 24 uur per dag 7 dagen per week (24/7) geopend,1.0,1.0
vzinfo_seh:107805,hospital,Franciscus Gasthuis,51.94565163928726,4.464186764247775,,Rotterdam,3045PM,RIVM/VZinfo,"Reistijd naar dichtstbijzijnde ziekenhuis met SEH 2025; Met personenvervoer, 24/7-uurs basis-SEH (76 locaties); <p><i>Bron: <a href=""https://www.rivm.nl/publicaties/bereikbaarheidsanalyse-sehs-en-acute-verloskunde-2025"" target=""_blank"">RIVM</a>, juni 2025; <a href=""https://www.vzinfo.nl/acute-zorg/verantwoording/bronverantwoording"" target=""_blank"">Drive Time Matrix 2025</a></i></p>; config changed 20250602-1736",,,,,,,,,https://www.vzinfo.nl/acute-zorg/regionaal/hap#map/reistijd-naar-dichtstbijzijnde-ziekenhuis-met-seh-2025,91539.0,440092.0,De SEH is 24 uur per dag 7 dagen per week (24/7) geopend,1.0,1.0
vzinfo_seh:107801,hospital,Franciscus Vlietland,,,,Schiedam,,RIVM/VZinfo,"Reistijd naar dichtstbijzijnde ziekenhuis met SEH 2025; Met personenvervoer, 24/7-uurs basis-SEH (76 locaties); <p><i>Bron: <a href=""https://www.rivm.nl/publicaties/bereikbaarheidsanalyse-sehs-en-acute-verloskunde-2025"" target=""_blank"">RIVM</a>, juni 2025; <a href=""https://www.vzinfo.nl/acute-zorg/verantwoording/bronverantwoording"" target=""_blank"">Drive Time Matrix 2025</a></i></p>; config changed 20250602-1736",,,,,,,,,https://www.vzinfo.nl/acute-zorg/regionaal/hap#map/reistijd-naar-dichtstbijzijnde-ziekenhuis-met-seh-2025,,,De SEH is niet 24/7 geopend maar heeft beperkte openingstijden:,,
vzinfo_seh:101101,hospital,Frisius MC Heerenveen,52.967150166281066,5.918142834089718,,Heerenveen,8441PW,RIVM/VZinfo,"Reistijd naar dichtstbijzijnde ziekenhuis met SEH 2025; Met personenvervoer, 24/7-uurs basis-SEH (76 locaties); <p><i>Bron: <a href=""https://www.rivm.nl/publicaties/bereikbaarheidsanalyse-sehs-en-acute-verloskunde-2025"" target=""_blank"">RIVM</a>, juni 2025; <a href=""https://www.vzinfo.nl/acute-zorg/verantwoording/bronverantwoording"" target=""_blank"">Drive Time Matrix 2025</a></i></p>; config changed 20250602-1736",,,,,,,,,https://www.vzinfo.nl/acute-zorg/regionaal/hap#map/reistijd-naar-dichtstbijzijnde-ziekenhuis-met-seh-2025,190671.0,553480.0,De SEH is 24 uur per dag 7 dagen per week (24/7) geopend,1.0,1.0
vzinfo_seh:109201,hospital,Frisius MC Leeuwarden,53.18960212708879,5.804266054254631,,Leeuwarden,8934AD,RIVM/VZinfo,"Reistijd naar dichtstbijzijnde ziekenhuis met SEH 2025; Met personenvervoer, 24/7-uurs basis-SEH (76 locaties); <p><i>Bron: <a href=""https://www.rivm.nl/publicaties/bereikbaarheidsanalyse-sehs-en-acute-verloskunde-2025"" target=""_blank"">RIVM</a>, juni 2025; <a href=""https://www.vzinfo.nl/acute-zorg/verantwoording/bronverantwoording"" target=""_blank"">Drive Time Matrix 2025</a></i></p>; config changed 20250602-1736",,,,,,,,,https://www.vzinfo.nl/acute-zorg/regionaal/hap#map/reistijd-naar-dichtstbijzijnde-ziekenhuis-met-seh-2025,182877.0,578185.0,De SEH is 24 uur per dag 7 dagen per week (24/7) geopend,1.0,1.0
vzinfo_seh:102103,hospital,Gelre Ziekenhuizen Apeldoorn,52.18091463485519,5.947148494164736,,Apeldoorn,7334DZ,RIVM/VZinfo,"Reistijd naar dichtstbijzijnde ziekenhuis met SEH 2025; Met personenvervoer, 24/7-uurs basis-SEH (76 locaties); <p><i>Bron: <a href=""https://www.rivm.nl/publicaties/bereikbaarheidsanalyse-sehs-en-acute-verloskunde-2025"" target=""_blank"">RIVM</a>, juni 2025; <a href=""https://www.vzinfo.nl/acute-zorg/verantwoording/bronverantwoording"" target=""_blank"">Drive Time Matrix 2025</a></i></p>; config changed 20250602-1736",,,,,,,,,https://www.vzinfo.nl/acute-zorg/regionaal/hap#map/reistijd-naar-dichtstbijzijnde-ziekenhuis-met-seh-2025,193297.0,466012.0,De SEH is 24 uur per dag 7 dagen per week (24/7) geopend,1.0,1.0
vzinfo_seh:102101,hospital,Gelre Ziekenhuizen Zutphen,,,,Zutphen,,RIVM/VZinfo,"Reistijd naar dichtstbijzijnde ziekenhuis met SEH 2025; Met personenvervoer, 24/7-uurs basis-SEH (76 locaties); <p><i>Bron: <a href=""https://www.rivm.nl/publicaties/bereikbaarheidsanalyse-sehs-en-acute-verloskunde-2025"" target=""_blank"">RIVM</a>, juni 2025; <a href=""https://www.vzinfo.nl/acute-zorg/verantwoording/bronverantwoording"" target=""_blank"">Drive Time Matrix 2025</a></i></p>; config changed 20250602-1736",,,,,,,,,https://www.vzinfo.nl/acute-zorg/regionaal/hap#map/reistijd-naar-dichtstbijzijnde-ziekenhuis-met-seh-2025,,,De SEH is niet 24/7 geopend maar heeft beperkte openingstijden:,,
vzinfo_seh:102301,hospital,Groene Hart Ziekenhuis Bleulandweg Gouda,52.02090786078667,4.702973711858411,,Gouda,2803HH,RIVM/VZinfo,"Reistijd naar dichtstbijzijnde ziekenhuis met SEH 2025; Met personenvervoer, 24/7-uurs basis-SEH (76 locaties); <p><i>Bron: <a href=""https://www.rivm.nl/publicaties/bereikbaarheidsanalyse-sehs-en-acute-verloskunde-2025"" target=""_blank"">RIVM</a>, juni 2025; <a href=""https://www.vzinfo.nl/acute-zorg/verantwoording/bronverantwoording"" target=""_blank"">Drive Time Matrix 2025</a></i></p>; config changed 20250602-1736",,,,,,,,,https://www.vzinfo.nl/acute-zorg/regionaal/hap#map/reistijd-naar-dichtstbijzijnde-ziekenhuis-met-seh-2025,108035.0,448283.0,De SEH is 24 uur per dag 7 dagen per week (24/7) geopend,1.0,1.0
vzinfo_seh:103802,hospital,HMC Westeinde Den Haag,52.07393157685761,4.299187919126194,,s-Gravenhage,2512VA,RIVM/VZinfo,"Reistijd naar dichtstbijzijnde ziekenhuis met SEH 2025; Met personenvervoer, 24/7-uurs basis-SEH (76 locaties); <p><i>Bron: <a href=""https://www.rivm.nl/publicaties/bereikbaarheidsanalyse-sehs-en-acute-verloskunde-2025"" target=""_blank"">RIVM</a>, juni 2025; <a href=""https://www.vzinfo.nl/acute-zorg/verantwoording/bronverantwoording"" target=""_blank"">Drive Time Matrix 2025</a></i></p>; config changed 20250602-1736",,,,,,,,,https://www.vzinfo.nl/acute-zorg/regionaal/hap#map/reistijd-naar-dichtstbijzijnde-ziekenhuis-met-seh-2025,80409.0,454520.0,De SEH is 24 uur per dag 7 dagen per week (24/7) geopend,1.0,1.0
vzinfo_seh:107201,hospital,HagaZiekenhuis Zoetermeer,52.06815131445313,4.499596395701531,,Zoetermeer,2725NA,RIVM/VZinfo,"Reistijd naar dichtstbijzijnde ziekenhuis met SEH 2025; Met personenvervoer, 24/7-uurs basis-SEH (76 locaties); <p><i>Bron: <a href=""https://www.rivm.nl/publicaties/bereikbaarheidsanalyse-sehs-en-acute-verloskunde-2025"" target=""_blank"">RIVM</a>, juni 2025; <a href=""https://www.vzinfo.nl/acute-zorg/verantwoording/bronverantwoording"" target=""_blank"">Drive Time Matrix 2025</a></i></p>; config changed 20250602-1736",,,,,,,,,https://www.vzinfo.nl/acute-zorg/regionaal/hap#map/reistijd-naar-dichtstbijzijnde-ziekenhuis-met-seh-2025,94140.0,453690.0,De SEH is 24 uur per dag 7 dagen per week (24/7) geopend,1.0,1.0
vzinfo_seh:104805,hospital,HagaZiekenhuis locatie Leyweg Den Haag,52.0570052972923,4.263713840941205,,s-Gravenhage,2545AA,RIVM/VZinfo,"Reistijd naar dichtstbijzijnde ziekenhuis met SEH 2025; Met personenvervoer, 24/7-uurs basis-SEH (76 locaties); <p><i>Bron: <a href=""https://www.rivm.nl/publicaties/bereikbaarheidsanalyse-sehs-en-acute-verloskunde-2025"" target=""_blank"">RIVM</a>, juni 2025; <a href=""https://www.vzinfo.nl/acute-zorg/verantwoording/bronverantwoording"" target=""_blank"">Drive Time Matrix 2025</a></i></p>; config changed 20250602-1736",,,,,,,,,https://www.vzinfo.nl/acute-zorg/regionaal/hap#map/reistijd-naar-dichtstbijzijnde-ziekenhuis-met-seh-2025,77948.0,452674.0,De SEH is 24 uur per dag 7 dagen per week (24/7) geopend,1.0,1.0
vzinfo_seh:106802,hospital,Het Van Weel-Bethesda Ziekenhuis Dirksland,51.749629393115654,4.1013435843613335,,Dirksland,3247BW,RIVM/VZinfo,"Reistijd naar dichtstbijzijnde ziekenhuis met SEH 2025; Met personenvervoer, 24/7-uurs basis-SEH (76 locaties); <p><i>Bron: <a href=""https://www.rivm.nl/publicaties/bereikbaarheidsanalyse-sehs-en-acute-verloskunde-2025"" target=""_blank"">RIVM</a>, juni 2025; <a href=""https://www.vzinfo.nl/acute-zorg/verantwoording/bronverantwoording"" target=""_blank"">Drive Time Matrix 2025</a></i></p>; config changed 20250602-1736",,,,,,,,,https://www.vzinfo.nl/acute-zorg/regionaal/hap#map/reistijd-naar-dichtstbijzijnde-ziekenhuis-met-seh-2025,66208.0,418665.0,De SEH is 24 uur per dag 7 dagen per week (24/7) geopend,1.0,1.0
vzinfo_seh:106901,hospital,Hilversum,52.21438142105414,5.200821204757415,,Hilversum,1212VG,RIVM/VZinfo,"Reistijd naar dichtstbijzijnde ziekenhuis met SEH 2025; Met personenvervoer, 24/7-uurs basis-SEH (76 locaties); <p><i>Bron: <a href=""https://www.rivm.nl/publicaties/bereikbaarheidsanalyse-sehs-en-acute-verloskunde-2025"" target=""_blank"">RIVM</a>, juni 2025; <a href=""https://www.vzinfo.nl/acute-zorg/verantwoording/bronverantwoording"" target=""_blank"">Drive Time Matrix 2025</a></i></p>; config changed 20250602-1736",,,,,,,,,https://www.vzinfo.nl/acute-zorg/regionaal/hap#map/reistijd-naar-dichtstbijzijnde-ziekenhuis-met-seh-2025,142262.0,469604.0,De SEH is 24 uur per dag 7 dagen per week (24/7) geopend,1.0,1.0
vzinfo_seh:102601,hospital,IJsselland Ziekenhuis Capelle aan de Ijssel,51.938581421945415,4.5626849276339225,,Capelle a/d IJssel,2906ZC,RIVM/VZinfo,"Reistijd naar dichtstbijzijnde ziekenhuis met SEH 2025; Met personenvervoer, 24/7-uurs basis-SEH (76 locaties); <p><i>Bron: <a href=""https://www.rivm.nl/publicaties/bereikbaarheidsanalyse-sehs-en-acute-verloskunde-2025"" target=""_blank"">RIVM</a>, juni 2025; <a href=""https://www.vzinfo.nl/acute-zorg/verantwoording/bronverantwoording"" target=""_blank"">Drive Time Matrix 2025</a></i></p>; config changed 20250602-1736",,,,,,,,,https://www.vzinfo.nl/acute-zorg/regionaal/hap#map/reistijd-naar-dichtstbijzijnde-ziekenhuis-met-seh-2025,98302.0,439224.0,De SEH is 24 uur per dag 7 dagen per week (24/7) geopend,1.0,1.0
vzinfo_seh:102801,hospital,Ikazia Ziekenhuis Rotterdam,51.88612579005873,4.49412604228627,,Rotterdam,3083AN,RIVM/VZinfo,"Reistijd naar dichtstbijzijnde ziekenhuis met SEH 2025; Met personenvervoer, 24/7-uurs basis-SEH (76 locaties); <p><i>Bron: <a href=""https://www.rivm.nl/publicaties/bereikbaarheidsanalyse-sehs-en-acute-verloskunde-2025"" target=""_blank"">RIVM</a>, juni 2025; <a href=""https://www.vzinfo.nl/acute-zorg/verantwoording/bronverantwoording"" target=""_blank"">Drive Time Matrix 2025</a></i></p>; config changed 20250602-1736",,,,,,,,,https://www.vzinfo.nl/acute-zorg/regionaal/hap#map/reistijd-naar-dichtstbijzijnde-ziekenhuis-met-seh-2025,93516.0,433444.0,De SEH is 24 uur per dag 7 dagen per week (24/7) geopend,1.0,1.0
vzinfo_seh:109101,hospital,Isala Meppel,52.68979725156249,6.217238323508173,,Meppel,7943KC,RIVM/VZinfo,"Reistijd naar dichtstbijzijnde ziekenhuis met SEH 2025; Met personenvervoer, 24/7-uurs basis-SEH (76 locaties); <p><i>Bron: <a href=""https://www.rivm.nl/publicaties/bereikbaarheidsanalyse-sehs-en-acute-verloskunde-2025"" target=""_blank"">RIVM</a>, juni 2025; <a href=""https://www.vzinfo.nl/acute-zorg/verantwoording/bronverantwoording"" target=""_blank"">Drive Time Matrix 2025</a></i></p>; config changed 20250602-1736",,,,,,,,,https://www.vzinfo.nl/acute-zorg/regionaal/hap#map/reistijd-naar-dichtstbijzijnde-ziekenhuis-met-seh-2025,211120.0,522808.0,De SEH is 24 uur per dag 7 dagen per week (24/7) geopend,1.0,0.0
vzinfo_seh:102902,hospital,Isala Zwolle,52.51425344557744,6.124675375226862,,Zwolle,8025AB,RIVM/VZinfo,"Reistijd naar dichtstbijzijnde ziekenhuis met SEH 2025; Met personenvervoer, 24/7-uurs basis-SEH (76 locaties); <p><i>Bron: <a href=""https://www.rivm.nl/publicaties/bereikbaarheidsanalyse-sehs-en-acute-verloskunde-2025"" target=""_blank"">RIVM</a>, juni 2025; <a href=""https://www.vzinfo.nl/acute-zorg/verantwoording/bronverantwoording"" target=""_blank"">Drive Time Matrix 2025</a></i></p>; config changed 20250602-1736",,,,,,,,,https://www.vzinfo.nl/acute-zorg/regionaal/hap#map/reistijd-naar-dichtstbijzijnde-ziekenhuis-met-seh-2025,205061.0,503208.0,De SEH is 24 uur per dag 7 dagen per week (24/7) geopend,1.0,1.0
vzinfo_seh:103007,hospital,Jeroen Bosch Ziekenhuis 's-Hertogenbosch,51.68472067058528,5.27644962653537,,s-Hertogenbosch,5223GZ,RIVM/VZinfo,"Reistijd naar dichtstbijzijnde ziekenhuis met SEH 2025; Met personenvervoer, 24/7-uurs basis-SEH (76 locaties); <p><i>Bron: <a href=""https://www.rivm.nl/publicaties/bereikbaarheidsanalyse-sehs-en-acute-verloskunde-2025"" target=""_blank"">RIVM</a>, juni 2025; <a href=""https://www.vzinfo.nl/acute-zorg/verantwoording/bronverantwoording"" target=""_blank"">Drive Time Matrix 2025</a></i></p>; config changed 20250602-1736",,,,,,,,,https://www.vzinfo.nl/acute-zorg/regionaal/hap#map/reistijd-naar-dichtstbijzijnde-ziekenhuis-met-seh-2025,147341.0,410665.0,De SEH is 24 uur per dag 7 dagen per week (24/7) geopend,1.0,1.0
vzinfo_seh:103201,hospital,Laurentis Ziekenhuis Roermond,51.19111938831249,5.99785382797792,,Roermond,6043CV,RIVM/VZinfo,"Reistijd naar dichtstbijzijnde ziekenhuis met SEH 2025; Met personenvervoer, 24/7-uurs basis-SEH (76 locaties); <p><i>Bron: <a href=""https://www.rivm.nl/publicaties/bereikbaarheidsanalyse-sehs-en-acute-verloskunde-2025"" target=""_blank"">RIVM</a>, juni 2025; <a href=""https://www.vzinfo.nl/acute-zorg/verantwoording/bronverantwoording"" target=""_blank"">Drive Time Matrix 2025</a></i></p>; config changed 20250602-1736",,,,,,,,,https://www.vzinfo.nl/acute-zorg/regionaal/hap#map/reistijd-naar-dichtstbijzijnde-ziekenhuis-met-seh-2025,197689.0,355924.0,De SEH is 24 uur per dag 7 dagen per week (24/7) geopend,1.0,1.0
vzinfo_seh:103301,hospital,Leids Universitair Medisch Centrum Leiden,52.16625629838363,4.478994154859037,,Leiden,2333ZA,RIVM/VZinfo,"Reistijd naar dichtstbijzijnde ziekenhuis met SEH 2025; Met personenvervoer, 24/7-uurs basis-SEH (76 locaties); <p><i>Bron: <a href=""https://www.rivm.nl/publicaties/bereikbaarheidsanalyse-sehs-en-acute-verloskunde-2025"" target=""_blank"">RIVM</a>, juni 2025; <a href=""https://www.vzinfo.nl/acute-zorg/verantwoording/bronverantwoording"" target=""_blank"">Drive Time Matrix 2025</a></i></p>; config changed 20250602-1736",,,,,,,,,https://www.vzinfo.nl/acute-zorg/regionaal/hap#map/reistijd-naar-dichtstbijzijnde-ziekenhuis-met-seh-2025,92864.0,464622.0,De SEH is 24 uur per dag 7 dagen per week (24/7) geopend,1.0,1.0
vzinfo_seh:104002,hospital,MST Enschede,52.21715808105121,6.89362034451247,,Enschede,7512KZ,RIVM/VZinfo,"Reistijd naar dichtstbijzijnde ziekenhuis met SEH 2025; Met personenvervoer, 24/7-uurs basis-SEH (76 locaties); <p><i>Bron: <a href=""https://www.rivm.nl/publicaties/bereikbaarheidsanalyse-sehs-en-acute-verloskunde-2025"" target=""_blank"">RIVM</a>, juni 2025; <a href=""https://www.vzinfo.nl/acute-zorg/verantwoording/bronverantwoording"" target=""_blank"">Drive Time Matrix 2025</a></i></p>; config changed 20250602-1736",,,,,,,,,https://www.vzinfo.nl/acute-zorg/regionaal/hap#map/reistijd-naar-dichtstbijzijnde-ziekenhuis-met-seh-2025,257942.0,470966.0,De SEH is 24 uur per dag 7 dagen per week (24/7) geopend,1.0,1.0
vzinfo_seh:103903,hospital,Maasstad Ziekenhuis Rotterdam,51.87946203048903,4.536086475515335,,Rotterdam,3079DZ,RIVM/VZinfo,"Reistijd naar dichtstbijzijnde ziekenhuis met SEH 2025; Met personenvervoer, 24/7-uurs basis-SEH (76 locaties); <p><i>Bron: <a href=""https://www.rivm.nl/publicaties/bereikbaarheidsanalyse-sehs-en-acute-verloskunde-2025"" target=""_blank"">RIVM</a>, juni 2025; <a href=""https://www.vzinfo.nl/acute-zorg/verantwoording/bronverantwoording"" target=""_blank"">Drive Time Matrix 2025</a></i></p>; config changed 20250602-1736",,,,,,,,,https://www.vzinfo.nl/acute-zorg/regionaal/hap#map/reistijd-naar-dichtstbijzijnde-ziekenhuis-met-seh-2025,96396.0,432668.0,De SEH is 24 uur per dag 7 dagen per week (24/7) geopend,1.0,1.0
vzinfo_seh:100201,hospital,Maastricht UMC+,50.83484272312825,5.713404089139869,,Maastricht,6229HX,RIVM/VZinfo,"Reistijd naar dichtstbijzijnde ziekenhuis met SEH 2025; Met personenvervoer, 24/7-uurs basis-SEH (76 locaties); <p><i>Bron: <a href=""https://www.rivm.nl/publicaties/bereikbaarheidsanalyse-sehs-en-acute-verloskunde-2025"" target=""_blank"">RIVM</a>, juni 2025; <a href=""https://www.vzinfo.nl/acute-zorg/verantwoording/bronverantwoording"" target=""_blank"">Drive Time Matrix 2025</a></i></p>; config changed 20250602-1736",,,,,,,,,https://www.vzinfo.nl/acute-zorg/regionaal/hap#map/reistijd-naar-dichtstbijzijnde-ziekenhuis-met-seh-2025,177981.0,316161.0,De SEH is 24 uur per dag 7 dagen per week (24/7) geopend,1.0,1.0
vzinfo_seh:104602,hospital,Maasziekenhuis Pantein Beugen,51.6632123556585,5.940717411835755,,Beugen,5835DV,RIVM/VZinfo,"Reistijd naar dichtstbijzijnde ziekenhuis met SEH 2025; Met personenvervoer, 24/7-uurs basis-SEH (76 locaties); <p><i>Bron: <a href=""https://www.rivm.nl/publicaties/bereikbaarheidsanalyse-sehs-en-acute-verloskunde-2025"" target=""_blank"">RIVM</a>, juni 2025; <a href=""https://www.vzinfo.nl/acute-zorg/verantwoording/bronverantwoording"" target=""_blank"">Drive Time Matrix 2025</a></i></p>; config changed 20250602-1736",,,,,,,,,https://www.vzinfo.nl/acute-zorg/regionaal/hap#map/reistijd-naar-dichtstbijzijnde-ziekenhuis-met-seh-2025,193296.0,408412.0,De SEH is 24 uur per dag 7 dagen per week (24/7) geopend,1.0,1.0
vzinfo_seh:103401,hospital,Martini Ziekenhuis Groningen,53.191664406129235,6.551758127561178,,Groningen,9728NT,RIVM/VZinfo,"Reistijd naar dichtstbijzijnde ziekenhuis met SEH 2025; Met personenvervoer, 24/7-uurs basis-SEH (76 locaties); <p><i>Bron: <a href=""https://www.rivm.nl/publicaties/bereikbaarheidsanalyse-sehs-en-acute-verloskunde-2025"" target=""_blank"">RIVM</a>, juni 2025; <a href=""https://www.vzinfo.nl/acute-zorg/verantwoording/bronverantwoording"" target=""_blank"">Drive Time Matrix 2025</a></i></p>; config changed 20250602-1736",,,,,,,,,https://www.vzinfo.nl/acute-zorg/regionaal/hap#map/reistijd-naar-dichtstbijzijnde-ziekenhuis-met-seh-2025,232835.0,578963.0,De SEH is 24 uur per dag 7 dagen per week (24/7) geopend,1.0,1.0
vzinfo_seh:103604,hospital,Meander Medisch Centrum Amersfoort,52.17107974740357,5.370466196318884,,Amersfoort,3813TZ,RIVM/VZinfo,"Reistijd naar dichtstbijzijnde ziekenhuis met SEH 2025; Met personenvervoer, 24/7-uurs basis-SEH (76 locaties); <p><i>Bron: <a href=""https://www.rivm.nl/publicaties/bereikbaarheidsanalyse-sehs-en-acute-verloskunde-2025"" target=""_blank"">RIVM</a>, juni 2025; <a href=""https://www.vzinfo.nl/acute-zorg/verantwoording/bronverantwoording"" target=""_blank"">Drive Time Matrix 2025</a></i></p>; config changed 20250602-1736",,,,,,,,,https://www.vzinfo.nl/acute-zorg/regionaal/hap#map/reistijd-naar-dichtstbijzijnde-ziekenhuis-met-seh-2025,153855.0,464770.0,De SEH is 24 uur per dag 7 dagen per week (24/7) geopend,1.0,1.0
vzinfo_seh:103501,hospital,Máxima Medisch Centrum Veldhoven,51.40626542007999,5.419580951975752,,Veldhoven,5504DB,RIVM/VZinfo,"Reistijd naar dichtstbijzijnde ziekenhuis met SEH 2025; Met personenvervoer, 24/7-uurs basis-SEH (76 locaties); <p><i>Bron: <a href=""https://www.rivm.nl/publicaties/bereikbaarheidsanalyse-sehs-en-acute-verloskunde-2025"" target=""_blank"">RIVM</a>, juni 2025; <a href=""https://www.vzinfo.nl/acute-zorg/verantwoording/bronverantwoording"" target=""_blank"">Drive Time Matrix 2025</a></i></p>; config changed 20250602-1736",,,,,,,,,https://www.vzinfo.nl/acute-zorg/regionaal/hap#map/reistijd-naar-dichtstbijzijnde-ziekenhuis-met-seh-2025,157253.0,379681.0,De SEH is 24 uur per dag 7 dagen per week (24/7) geopend,1.0,1.0
vzinfo_seh:106602,hospital,Nij Smellinghe Drachten,53.0998664643999,6.110572783776481,,Drachten,9202NN,RIVM/VZinfo,"Reistijd naar dichtstbijzijnde ziekenhuis met SEH 2025; Met personenvervoer, 24/7-uurs basis-SEH (76 locaties); <p><i>Bron: <a href=""https://www.rivm.nl/publicaties/bereikbaarheidsanalyse-sehs-en-acute-verloskunde-2025"" target=""_blank"">RIVM</a>, juni 2025; <a href=""https://www.vzinfo.nl/acute-zorg/verantwoording/bronverantwoording"" target=""_blank"">Drive Time Matrix 2025</a></i></p>; config changed 20250602-1736",,,,,,,,,https://www.vzinfo.nl/acute-zorg/regionaal/hap#map/reistijd-naar-dichtstbijzijnde-ziekenhuis-met-seh-2025,203451.0,568361.0,De SEH is 24 uur per dag 7 dagen per week (24/7) geopend,1.0,1.0
vzinfo_seh:103701,hospital,Noordwest Ziekenhuisgroep locatie Alkmaar,52.62671463111681,4.735625282112627,,Alkmaar,1815JD,RIVM/VZinfo,"Reistijd naar dichtstbijzijnde ziekenhuis met SEH 2025; Met personenvervoer, 24/7-uurs basis-SEH (76 locaties); <p><i>Bron: <a href=""https://www.rivm.nl/publicaties/bereikbaarheidsanalyse-sehs-en-acute-verloskunde-2025"" target=""_blank"">RIVM</a>, juni 2025; <a href=""https://www.vzinfo.nl/acute-zorg/verantwoording/bronverantwoording"" target=""_blank"">Drive Time Matrix 2025</a></i></p>; config changed 20250602-1736",,,,,,,,,https://www.vzinfo.nl/acute-zorg/regionaal/hap#map/reistijd-naar-dichtstbijzijnde-ziekenhuis-met-seh-2025,110882.0,515665.0,De SEH is 24 uur per dag 7 dagen per week (24/7) geopend,1.0,1.0
vzinfo_seh:103702,hospital,Noordwest Ziekenhuisgroep locatie Den Helder,52.957775620013535,4.745682449881111,,Den Helder,1782GZ,RIVM/VZinfo,"Reistijd naar dichtstbijzijnde ziekenhuis met SEH 2025; Met personenvervoer, 24/7-uurs basis-SEH (76 locaties); <p><i>Bron: <a href=""https://www.rivm.nl/publicaties/bereikbaarheidsanalyse-sehs-en-acute-verloskunde-2025"" target=""_blank"">RIVM</a>, juni 2025; <a href=""https://www.vzinfo.nl/acute-zorg/verantwoording/bronverantwoording"" target=""_blank"">Drive Time Matrix 2025</a></i></p>; config changed 20250602-1736",,,,,,,,,https://www.vzinfo.nl/acute-zorg/regionaal/hap#map/reistijd-naar-dichtstbijzijnde-ziekenhuis-met-seh-2025,111890.0,552497.0,De SEH is 24 uur per dag 7 dagen per week (24/7) geopend,1.0,1.0
vzinfo_seh:106301,hospital,OLVG locatie Oost Amsterdam,52.35991944463339,4.915915904099979,,Amsterdam,1091AC,RIVM/VZinfo,"Reistijd naar dichtstbijzijnde ziekenhuis met SEH 2025; Met personenvervoer, 24/7-uurs basis-SEH (76 locaties); <p><i>Bron: <a href=""https://www.rivm.nl/publicaties/bereikbaarheidsanalyse-sehs-en-acute-verloskunde-2025"" target=""_blank"">RIVM</a>, juni 2025; <a href=""https://www.vzinfo.nl/acute-zorg/verantwoording/bronverantwoording"" target=""_blank"">Drive Time Matrix 2025</a></i></p>; config changed 20250602-1736",,,,,,,,,https://www.vzinfo.nl/acute-zorg/regionaal/hap#map/reistijd-naar-dichtstbijzijnde-ziekenhuis-met-seh-2025,122896.0,485885.0,De SEH is 24 uur per dag 7 dagen per week (24/7) geopend,1.0,1.0
vzinfo_seh:106304,hospital,OLVG locatie West Amsterdam,52.370508469105616,4.837083880506942,,Amsterdam,1061AE,RIVM/VZinfo,"Reistijd naar dichtstbijzijnde ziekenhuis met SEH 2025; Met personenvervoer, 24/7-uurs basis-SEH (76 locaties); <p><i>Bron: <a href=""https://www.rivm.nl/publicaties/bereikbaarheidsanalyse-sehs-en-acute-verloskunde-2025"" target=""_blank"">RIVM</a>, juni 2025; <a href=""https://www.vzinfo.nl/acute-zorg/verantwoording/bronverantwoording"" target=""_blank"">Drive Time Matrix 2025</a></i></p>; config changed 20250602-1736",,,,,,,,,https://www.vzinfo.nl/acute-zorg/regionaal/hap#map/reistijd-naar-dichtstbijzijnde-ziekenhuis-met-seh-2025,117535.0,487101.0,De SEH is 24 uur per dag 7 dagen per week (24/7) geopend,1.0,0.0
vzinfo_seh:101202,hospital,Ommelander Ziekenhuis Groningen loc Scheemda,53.18287916420505,6.959396982865876,,Scheemda,9679BJ,RIVM/VZinfo,"Reistijd naar dichtstbijzijnde ziekenhuis met SEH 2025; Met personenvervoer, 24/7-uurs basis-SEH (76 locaties); <p><i>Bron: <a href=""https://www.rivm.nl/publicaties/bereikbaarheidsanalyse-sehs-en-acute-verloskunde-2025"" target=""_blank"">RIVM</a>, juni 2025; <a href=""https://www.vzinfo.nl/acute-zorg/verantwoording/bronverantwoording"" target=""_blank"">Drive Time Matrix 2025</a></i></p>; config changed 20250602-1736",,,,,,,,,https://www.vzinfo.nl/acute-zorg/regionaal/hap#map/reistijd-naar-dichtstbijzijnde-ziekenhuis-met-seh-2025,260099.0,578503.0,De SEH is 24 uur per dag 7 dagen per week (24/7) geopend,1.0,1.0
vzinfo_seh:107501,hospital,Radboudumc Nijmegen,51.82362165474314,5.863256866515738,,Nijmegen,6525GA,RIVM/VZinfo,"Reistijd naar dichtstbijzijnde ziekenhuis met SEH 2025; Met personenvervoer, 24/7-uurs basis-SEH (76 locaties); <p><i>Bron: <a href=""https://www.rivm.nl/publicaties/bereikbaarheidsanalyse-sehs-en-acute-verloskunde-2025"" target=""_blank"">RIVM</a>, juni 2025; <a href=""https://www.vzinfo.nl/acute-zorg/verantwoording/bronverantwoording"" target=""_blank"">Drive Time Matrix 2025</a></i></p>; config changed 20250602-1736",,,,,,,,,https://www.vzinfo.nl/acute-zorg/regionaal/hap#map/reistijd-naar-dichtstbijzijnde-ziekenhuis-met-seh-2025,187820.0,426220.0,De SEH is 24 uur per dag 7 dagen per week (24/7) geopend,1.0,1.0
vzinfo_seh:104809,hospital,Reinier de Graaf Gasthuis Delft,51.99759018917995,4.339863967024234,,Delft,2625AD,RIVM/VZinfo,"Reistijd naar dichtstbijzijnde ziekenhuis met SEH 2025; Met personenvervoer, 24/7-uurs basis-SEH (76 locaties); <p><i>Bron: <a href=""https://www.rivm.nl/publicaties/bereikbaarheidsanalyse-sehs-en-acute-verloskunde-2025"" target=""_blank"">RIVM</a>, juni 2025; <a href=""https://www.vzinfo.nl/acute-zorg/verantwoording/bronverantwoording"" target=""_blank"">Drive Time Matrix 2025</a></i></p>; config changed 20250602-1736",,,,,,,,,https://www.vzinfo.nl/acute-zorg/regionaal/hap#map/reistijd-naar-dichtstbijzijnde-ziekenhuis-met-seh-2025,83075.0,445986.0,De SEH is 24 uur per dag 7 dagen per week (24/7) geopend,1.0,1.0
vzinfo_seh:100401,hospital,Rijnstate Ziekenhuis Arnhem,52.00070737252254,5.910644534526535,,Arnhem,6815AD,RIVM/VZinfo,"Reistijd naar dichtstbijzijnde ziekenhuis met SEH 2025; Met personenvervoer, 24/7-uurs basis-SEH (76 locaties); <p><i>Bron: <a href=""https://www.rivm.nl/publicaties/bereikbaarheidsanalyse-sehs-en-acute-verloskunde-2025"" target=""_blank"">RIVM</a>, juni 2025; <a href=""https://www.vzinfo.nl/acute-zorg/verantwoording/bronverantwoording"" target=""_blank"">Drive Time Matrix 2025</a></i></p>; config changed 20250602-1736",,,,,,,,,https://www.vzinfo.nl/acute-zorg/regionaal/hap#map/reistijd-naar-dichtstbijzijnde-ziekenhuis-met-seh-2025,190945.0,445944.0,De SEH is 24 uur per dag 7 dagen per week (24/7) geopend,1.0,1.0
vzinfo_seh:105001,hospital,Rivas Beatrixziekenhuis Gorinchem,51.8390910877414,4.9574747104593415,,Gorinchem,4204AA,RIVM/VZinfo,"Reistijd naar dichtstbijzijnde ziekenhuis met SEH 2025; Met personenvervoer, 24/7-uurs basis-SEH (76 locaties); <p><i>Bron: <a href=""https://www.rivm.nl/publicaties/bereikbaarheidsanalyse-sehs-en-acute-verloskunde-2025"" target=""_blank"">RIVM</a>, juni 2025; <a href=""https://www.vzinfo.nl/acute-zorg/verantwoording/bronverantwoording"" target=""_blank"">Drive Time Matrix 2025</a></i></p>; config changed 20250602-1736",,,,,,,,,https://www.vzinfo.nl/acute-zorg/regionaal/hap#map/reistijd-naar-dichtstbijzijnde-ziekenhuis-met-seh-2025,125384.0,427921.0,De SEH is 24 uur per dag 7 dagen per week (24/7) geopend,1.0,1.0
vzinfo_seh:105101,hospital,Rode Kruis Ziekenhuis Beverwijk,52.48001950571952,4.649407515828343,,Beverwijk,1942LE,RIVM/VZinfo,"Reistijd naar dichtstbijzijnde ziekenhuis met SEH 2025; Met personenvervoer, 24/7-uurs basis-SEH (76 locaties); <p><i>Bron: <a href=""https://www.rivm.nl/publicaties/bereikbaarheidsanalyse-sehs-en-acute-verloskunde-2025"" target=""_blank"">RIVM</a>, juni 2025; <a href=""https://www.vzinfo.nl/acute-zorg/verantwoording/bronverantwoording"" target=""_blank"">Drive Time Matrix 2025</a></i></p>; config changed 20250602-1736",,,,,,,,,https://www.vzinfo.nl/acute-zorg/regionaal/hap#map/reistijd-naar-dichtstbijzijnde-ziekenhuis-met-seh-2025,104878.0,499399.0,De SEH is 24 uur per dag 7 dagen per week (24/7) geopend,1.0,1.0
vzinfo_seh:105301,hospital,Saxenburgh Medisch Centrum,52.57066160610969,6.639267396872635,,Hardenberg,7772SE,RIVM/VZinfo,"Reistijd naar dichtstbijzijnde ziekenhuis met SEH 2025; Met personenvervoer, 24/7-uurs basis-SEH (76 locaties); <p><i>Bron: <a href=""https://www.rivm.nl/publicaties/bereikbaarheidsanalyse-sehs-en-acute-verloskunde-2025"" target=""_blank"">RIVM</a>, juni 2025; <a href=""https://www.vzinfo.nl/acute-zorg/verantwoording/bronverantwoording"" target=""_blank"">Drive Time Matrix 2025</a></i></p>; config changed 20250602-1736",,,,,,,,,https://www.vzinfo.nl/acute-zorg/regionaal/hap#map/reistijd-naar-dichtstbijzijnde-ziekenhuis-met-seh-2025,239882.0,509964.0,De SEH is 24 uur per dag 7 dagen per week (24/7) geopend,1.0,1.0
vzinfo_seh:105401,hospital,Slingeland Ziekenhuis Doetinchem,51.97511988996753,6.286256777998866,,Doetinchem,7009BL,RIVM/VZinfo,"Reistijd naar dichtstbijzijnde ziekenhuis met SEH 2025; Met personenvervoer, 24/7-uurs basis-SEH (76 locaties); <p><i>Bron: <a href=""https://www.rivm.nl/publicaties/bereikbaarheidsanalyse-sehs-en-acute-verloskunde-2025"" target=""_blank"">RIVM</a>, juni 2025; <a href=""https://www.vzinfo.nl/acute-zorg/verantwoording/bronverantwoording"" target=""_blank"">Drive Time Matrix 2025</a></i></p>; config changed 20250602-1736",,,,,,,,,https://www.vzinfo.nl/acute-zorg/regionaal/hap#map/reistijd-naar-dichtstbijzijnde-ziekenhuis-met-seh-2025,216773.0,443350.0,De SEH is 24 uur per dag 7 dagen per week (24/7) geopend,1.0,1.0
vzinfo_seh:105601,hospital,Spaarne Gasthuis Hoofddorp,52.324135891802975,4.6539640180370565,,Hoofddorp,2134TM,RIVM/VZinfo,"Reistijd naar dichtstbijzijnde ziekenhuis met SEH 2025; Met personenvervoer, 24/7-uurs basis-SEH (76 locaties); <p><i>Bron: <a href=""https://www.rivm.nl/publicaties/bereikbaarheidsanalyse-sehs-en-acute-verloskunde-2025"" target=""_blank"">RIVM</a>, juni 2025; <a href=""https://www.vzinfo.nl/acute-zorg/verantwoording/bronverantwoording"" target=""_blank"">Drive Time Matrix 2025</a></i></p>; config changed 20250602-1736",,,,,,,,,https://www.vzinfo.nl/acute-zorg/regionaal/hap#map/reistijd-naar-dichtstbijzijnde-ziekenhuis-met-seh-2025,105012.0,482052.0,De SEH is 24 uur per dag 7 dagen per week (24/7) geopend,1.0,0.0
vzinfo_seh:103101,hospital,Spaarne Gasthuis locatie Haarlem Zuid,52.36736616125116,4.6551436258472085,,Haarlem,2035RC,RIVM/VZinfo,"Reistijd naar dichtstbijzijnde ziekenhuis met SEH 2025; Met personenvervoer, 24/7-uurs basis-SEH (76 locaties); <p><i>Bron: <a href=""https://www.rivm.nl/publicaties/bereikbaarheidsanalyse-sehs-en-acute-verloskunde-2025"" target=""_blank"">RIVM</a>, juni 2025; <a href=""https://www.vzinfo.nl/acute-zorg/verantwoording/bronverantwoording"" target=""_blank"">Drive Time Matrix 2025</a></i></p>; config changed 20250602-1736",,,,,,,,,https://www.vzinfo.nl/acute-zorg/regionaal/hap#map/reistijd-naar-dichtstbijzijnde-ziekenhuis-met-seh-2025,105141.0,486861.0,De SEH is 24 uur per dag 7 dagen per week (24/7) geopend,1.0,1.0
vzinfo_seh:105801,hospital,St. Antonius Ziekenhuis Nieuwegein,52.025244419682565,5.083049907204821,,Nieuwegein,3435CM,RIVM/VZinfo,"Reistijd naar dichtstbijzijnde ziekenhuis met SEH 2025; Met personenvervoer, 24/7-uurs basis-SEH (76 locaties); <p><i>Bron: <a href=""https://www.rivm.nl/publicaties/bereikbaarheidsanalyse-sehs-en-acute-verloskunde-2025"" target=""_blank"">RIVM</a>, juni 2025; <a href=""https://www.vzinfo.nl/acute-zorg/verantwoording/bronverantwoording"" target=""_blank"">Drive Time Matrix 2025</a></i></p>; config changed 20250602-1736",,,,,,,,,https://www.vzinfo.nl/acute-zorg/regionaal/hap#map/reistijd-naar-dichtstbijzijnde-ziekenhuis-met-seh-2025,134125.0,448588.0,De SEH is 24 uur per dag 7 dagen per week (24/7) geopend,1.0,0.0
vzinfo_seh:105806,hospital,St. Antonius Ziekenhuis Utrecht,52.10352890180111,5.058843234242991,,Utrecht,3543AZ,RIVM/VZinfo,"Reistijd naar dichtstbijzijnde ziekenhuis met SEH 2025; Met personenvervoer, 24/7-uurs basis-SEH (76 locaties); <p><i>Bron: <a href=""https://www.rivm.nl/publicaties/bereikbaarheidsanalyse-sehs-en-acute-verloskunde-2025"" target=""_blank"">RIVM</a>, juni 2025; <a href=""https://www.vzinfo.nl/acute-zorg/verantwoording/bronverantwoording"" target=""_blank"">Drive Time Matrix 2025</a></i></p>; config changed 20250602-1736",,,,,,,,,https://www.vzinfo.nl/acute-zorg/regionaal/hap#map/reistijd-naar-dichtstbijzijnde-ziekenhuis-met-seh-2025,132503.0,457305.0,De SEH is 24 uur per dag 7 dagen per week (24/7) geopend,1.0,1.0
vzinfo_seh:106101,hospital,St. Jans Gasthuis Weert,51.25436699015209,5.711289214910678,,Weert,6001BE,RIVM/VZinfo,"Reistijd naar dichtstbijzijnde ziekenhuis met SEH 2025; Met personenvervoer, 24/7-uurs basis-SEH (76 locaties); <p><i>Bron: <a href=""https://www.rivm.nl/publicaties/bereikbaarheidsanalyse-sehs-en-acute-verloskunde-2025"" target=""_blank"">RIVM</a>, juni 2025; <a href=""https://www.vzinfo.nl/acute-zorg/verantwoording/bronverantwoording"" target=""_blank"">Drive Time Matrix 2025</a></i></p>; config changed 20250602-1736",,,,,,,,,https://www.vzinfo.nl/acute-zorg/regionaal/hap#map/reistijd-naar-dichtstbijzijnde-ziekenhuis-met-seh-2025,177625.0,362832.0,De SEH is 24 uur per dag 7 dagen per week (24/7) geopend,1.0,1.0
vzinfo_seh:107101,hospital,Streekziekenhuis Koningin Beatrix Winterswijk,51.97873076128009,6.701167981044766,,Winterswijk,7101BN,RIVM/VZinfo,"Reistijd naar dichtstbijzijnde ziekenhuis met SEH 2025; Met personenvervoer, 24/7-uurs basis-SEH (76 locaties); <p><i>Bron: <a href=""https://www.rivm.nl/publicaties/bereikbaarheidsanalyse-sehs-en-acute-verloskunde-2025"" target=""_blank"">RIVM</a>, juni 2025; <a href=""https://www.vzinfo.nl/acute-zorg/verantwoording/bronverantwoording"" target=""_blank"">Drive Time Matrix 2025</a></i></p>; config changed 20250602-1736",,,,,,,,,https://www.vzinfo.nl/acute-zorg/regionaal/hap#map/reistijd-naar-dichtstbijzijnde-ziekenhuis-met-seh-2025,245272.0,444186.0,De SEH is 24 uur per dag 7 dagen per week (24/7) geopend,1.0,1.0
vzinfo_seh:109301,hospital,Treant Scheper Emmen,52.7846793595718,6.9137862266057875,,Emmen,7824AA,RIVM/VZinfo,"Reistijd naar dichtstbijzijnde ziekenhuis met SEH 2025; Met personenvervoer, 24/7-uurs basis-SEH (76 locaties); <p><i>Bron: <a href=""https://www.rivm.nl/publicaties/bereikbaarheidsanalyse-sehs-en-acute-verloskunde-2025"" target=""_blank"">RIVM</a>, juni 2025; <a href=""https://www.vzinfo.nl/acute-zorg/verantwoording/bronverantwoording"" target=""_blank"">Drive Time Matrix 2025</a></i></p>; config changed 20250602-1736",,,,,,,,,https://www.vzinfo.nl/acute-zorg/regionaal/hap#map/reistijd-naar-dichtstbijzijnde-ziekenhuis-met-seh-2025,257988.0,534132.0,De SEH is 24 uur per dag 7 dagen per week (24/7) geopend,1.0,1.0
vzinfo_seh:107401,hospital,Universitair Medisch Centrum Groningen,53.221969255524414,6.57713066157411,,Groningen,9713GZ,RIVM/VZinfo,"Reistijd naar dichtstbijzijnde ziekenhuis met SEH 2025; Met personenvervoer, 24/7-uurs basis-SEH (76 locaties); <p><i>Bron: <a href=""https://www.rivm.nl/publicaties/bereikbaarheidsanalyse-sehs-en-acute-verloskunde-2025"" target=""_blank"">RIVM</a>, juni 2025; <a href=""https://www.vzinfo.nl/acute-zorg/verantwoording/bronverantwoording"" target=""_blank"">Drive Time Matrix 2025</a></i></p>; config changed 20250602-1736",,,,,,,,,https://www.vzinfo.nl/acute-zorg/regionaal/hap#map/reistijd-naar-dichtstbijzijnde-ziekenhuis-met-seh-2025,234475.0,582363.0,De SEH is 24 uur per dag 7 dagen per week (24/7) geopend,1.0,1.0
vzinfo_seh:107601,hospital,Universitair Medisch Centrum Utrecht,52.08602494734983,5.179602239422755,,Utrecht,3584CX,RIVM/VZinfo,"Reistijd naar dichtstbijzijnde ziekenhuis met SEH 2025; Met personenvervoer, 24/7-uurs basis-SEH (76 locaties); <p><i>Bron: <a href=""https://www.rivm.nl/publicaties/bereikbaarheidsanalyse-sehs-en-acute-verloskunde-2025"" target=""_blank"">RIVM</a>, juni 2025; <a href=""https://www.vzinfo.nl/acute-zorg/verantwoording/bronverantwoording"" target=""_blank"">Drive Time Matrix 2025</a></i></p>; config changed 20250602-1736",,,,,,,,,https://www.vzinfo.nl/acute-zorg/regionaal/hap#map/reistijd-naar-dichtstbijzijnde-ziekenhuis-met-seh-2025,140771.0,455327.0,De SEH is 24 uur per dag 7 dagen per week (24/7) geopend,1.0,1.0
vzinfo_seh:107701,hospital,VieCuri Medisch Centrum Venlo,51.36043902222075,6.159319181024727,,Venlo,5912BL,RIVM/VZinfo,"Reistijd naar dichtstbijzijnde ziekenhuis met SEH 2025; Met personenvervoer, 24/7-uurs basis-SEH (76 locaties); <p><i>Bron: <a href=""https://www.rivm.nl/publicaties/bereikbaarheidsanalyse-sehs-en-acute-verloskunde-2025"" target=""_blank"">RIVM</a>, juni 2025; <a href=""https://www.vzinfo.nl/acute-zorg/verantwoording/bronverantwoording"" target=""_blank"">Drive Time Matrix 2025</a></i></p>; config changed 20250602-1736",,,,,,,,,https://www.vzinfo.nl/acute-zorg/regionaal/hap#map/reistijd-naar-dichtstbijzijnde-ziekenhuis-met-seh-2025,208777.0,374867.0,De SEH is 24 uur per dag 7 dagen per week (24/7) geopend,1.0,1.0
vzinfo_seh:108201,hospital,Wilhelmina Ziekenhuis Assen,52.983705696144064,6.565162318979592,,Assen,9401RK,RIVM/VZinfo,"Reistijd naar dichtstbijzijnde ziekenhuis met SEH 2025; Met personenvervoer, 24/7-uurs basis-SEH (76 locaties); <p><i>Bron: <a href=""https://www.rivm.nl/publicaties/bereikbaarheidsanalyse-sehs-en-acute-verloskunde-2025"" target=""_blank"">RIVM</a>, juni 2025; <a href=""https://www.vzinfo.nl/acute-zorg/verantwoording/bronverantwoording"" target=""_blank"">Drive Time Matrix 2025</a></i></p>; config changed 20250602-1736",,,,,,,,,https://www.vzinfo.nl/acute-zorg/regionaal/hap#map/reistijd-naar-dichtstbijzijnde-ziekenhuis-met-seh-2025,234109.0,555837.0,De SEH is 24 uur per dag 7 dagen per week (24/7) geopend,1.0,1.0
vzinfo_seh:108301,hospital,Zaans Medisch Centrum Zaandam,52.4537153028615,4.827267011521818,,Zaandam,1502DV,RIVM/VZinfo,"Reistijd naar dichtstbijzijnde ziekenhuis met SEH 2025; Met personenvervoer, 24/7-uurs basis-SEH (76 locaties); <p><i>Bron: <a href=""https://www.rivm.nl/publicaties/bereikbaarheidsanalyse-sehs-en-acute-verloskunde-2025"" target=""_blank"">RIVM</a>, juni 2025; <a href=""https://www.vzinfo.nl/acute-zorg/verantwoording/bronverantwoording"" target=""_blank"">Drive Time Matrix 2025</a></i></p>; config changed 20250602-1736",,,,,,,,,https://www.vzinfo.nl/acute-zorg/regionaal/hap#map/reistijd-naar-dichtstbijzijnde-ziekenhuis-met-seh-2025,116938.0,496364.0,De SEH is 24 uur per dag 7 dagen per week (24/7) geopend,1.0,1.0
vzinfo_seh:108401,hospital,Ziekenhuis Amstelland Amstelveen,,,,Amstelveen,,RIVM/VZinfo,"Reistijd naar dichtstbijzijnde ziekenhuis met SEH 2025; Met personenvervoer, 24/7-uurs basis-SEH (76 locaties); <p><i>Bron: <a href=""https://www.rivm.nl/publicaties/bereikbaarheidsanalyse-sehs-en-acute-verloskunde-2025"" target=""_blank"">RIVM</a>, juni 2025; <a href=""https://www.vzinfo.nl/acute-zorg/verantwoording/bronverantwoording"" target=""_blank"">Drive Time Matrix 2025</a></i></p>; config changed 20250602-1736",,,,,,,,,https://www.vzinfo.nl/acute-zorg/regionaal/hap#map/reistijd-naar-dichtstbijzijnde-ziekenhuis-met-seh-2025,,,De SEH is niet 24/7 geopend maar heeft beperkte openingstijden:,,
vzinfo_seh:108601,hospital,Ziekenhuis Gelderse Vallei Ede,52.02244088660126,5.645560231581099,,Ede,6716RP,RIVM/VZinfo,"Reistijd naar dichtstbijzijnde ziekenhuis met SEH 2025; Met personenvervoer, 24/7-uurs basis-SEH (76 locaties); <p><i>Bron: <a href=""https://www.rivm.nl/publicaties/bereikbaarheidsanalyse-sehs-en-acute-verloskunde-2025"" target=""_blank"">RIVM</a>, juni 2025; <a href=""https://www.vzinfo.nl/acute-zorg/verantwoording/bronverantwoording"" target=""_blank"">Drive Time Matrix 2025</a></i></p>; config changed 20250602-1736",,,,,,,,,https://www.vzinfo.nl/acute-zorg/regionaal/hap#map/reistijd-naar-dichtstbijzijnde-ziekenhuis-met-seh-2025,172733.0,448264.0,De SEH is 24 uur per dag 7 dagen per week (24/7) geopend,1.0,1.0
vzinfo_seh:108701,hospital,Ziekenhuis Rivierenland Tiel,51.88952512713415,5.41547050239398,,Tiel,4002WP,RIVM/VZinfo,"Reistijd naar dichtstbijzijnde ziekenhuis met SEH 2025; Met personenvervoer, 24/7-uurs basis-SEH (76 locaties); <p><i>Bron: <a href=""https://www.rivm.nl/publicaties/bereikbaarheidsanalyse-sehs-en-acute-verloskunde-2025"" target=""_blank"">RIVM</a>, juni 2025; <a href=""https://www.vzinfo.nl/acute-zorg/verantwoording/bronverantwoording"" target=""_blank"">Drive Time Matrix 2025</a></i></p>; config changed 20250602-1736",,,,,,,,,https://www.vzinfo.nl/acute-zorg/regionaal/hap#map/reistijd-naar-dichtstbijzijnde-ziekenhuis-met-seh-2025,156946.0,433445.0,De SEH is 24 uur per dag 7 dagen per week (24/7) geopend,1.0,1.0
vzinfo_seh:106201,hospital,Ziekenhuis St. Jansdal Harderwijk,52.344155688545136,5.6142964475440955,,Harderwijk,3844DG,RIVM/VZinfo,"Reistijd naar dichtstbijzijnde ziekenhuis met SEH 2025; Met personenvervoer, 24/7-uurs basis-SEH (76 locaties); <p><i>Bron: <a href=""https://www.rivm.nl/publicaties/bereikbaarheidsanalyse-sehs-en-acute-verloskunde-2025"" target=""_blank"">RIVM</a>, juni 2025; <a href=""https://www.vzinfo.nl/acute-zorg/verantwoording/bronverantwoording"" target=""_blank"">Drive Time Matrix 2025</a></i></p>; config changed 20250602-1736",,,,,,,,,https://www.vzinfo.nl/acute-zorg/regionaal/hap#map/reistijd-naar-dichtstbijzijnde-ziekenhuis-met-seh-2025,170475.0,484051.0,De SEH is 24 uur per dag 7 dagen per week (24/7) geopend,1.0,1.0
vzinfo_seh:109002,hospital,Ziekenhuisgroep Twente Almelo,52.33760892097792,6.641227068127225,,Almelo,7609PP,RIVM/VZinfo,"Reistijd naar dichtstbijzijnde ziekenhuis met SEH 2025; Met personenvervoer, 24/7-uurs basis-SEH (76 locaties); <p><i>Bron: <a href=""https://www.rivm.nl/publicaties/bereikbaarheidsanalyse-sehs-en-acute-verloskunde-2025"" target=""_blank"">RIVM</a>, juni 2025; <a href=""https://www.vzinfo.nl/acute-zorg/verantwoording/bronverantwoording"" target=""_blank"">Drive Time Matrix 2025</a></i></p>; config changed 20250602-1736",,,,,,,,,https://www.vzinfo.nl/acute-zorg/regionaal/hap#map/reistijd-naar-dichtstbijzijnde-ziekenhuis-met-seh-2025,240464.0,484038.0,De SEH is 24 uur per dag 7 dagen per week (24/7) geopend,1.0,1.0
vzinfo_seh:108801,hospital,ZorgSaam De Honte Terneuzen,51.3089572262669,3.8613529520615826,,Terneuzen,4535PA,RIVM/VZinfo,"Reistijd naar dichtstbijzijnde ziekenhuis met SEH 2025; Met personenvervoer, 24/7-uurs basis-SEH (76 locaties); <p><i>Bron: <a href=""https://www.rivm.nl/publicaties/bereikbaarheidsanalyse-sehs-en-acute-verloskunde-2025"" target=""_blank"">RIVM</a>, juni 2025; <a href=""https://www.vzinfo.nl/acute-zorg/verantwoording/bronverantwoording"" target=""_blank"">Drive Time Matrix 2025</a></i></p>; config changed 20250602-1736",,,,,,,,,https://www.vzinfo.nl/acute-zorg/regionaal/hap#map/reistijd-naar-dichtstbijzijnde-ziekenhuis-met-seh-2025,48611.0,369967.0,De SEH is 24 uur per dag 7 dagen per week (24/7) geopend,1.0,1.0
vzinfo_seh:100701,hospital,Zuyderland Medisch Centrum locatie Heerlen,50.869843736132744,5.977019850482963,,Heerlen,6419PC,RIVM/VZinfo,"Reistijd naar dichtstbijzijnde ziekenhuis met SEH 2025; Met personenvervoer, 24/7-uurs basis-SEH (76 locaties); <p><i>Bron: <a href=""https://www.rivm.nl/publicaties/bereikbaarheidsanalyse-sehs-en-acute-verloskunde-2025"" target=""_blank"">RIVM</a>, juni 2025; <a href=""https://www.vzinfo.nl/acute-zorg/verantwoording/bronverantwoording"" target=""_blank"">Drive Time Matrix 2025</a></i></p>; config changed 20250602-1736",,,,,,,,,https://www.vzinfo.nl/acute-zorg/regionaal/hap#map/reistijd-naar-dichtstbijzijnde-ziekenhuis-met-seh-2025,196521.0,320171.0,De SEH is 24 uur per dag 7 dagen per week (24/7) geopend,1.0,1.0
